url_path,views_total,views_unique
/jonescompneurolab/hnn,23,18
/jonescompneurolab/hnn/issues,5,5
/jonescompneurolab/hnn/discussions,5,4
/jonescompneurolab/hnn/pulls,5,3
/jonescompneurolab/hnn/tree/master/data,4,3
/jonescompneurolab/hnn/issues/277,2,2
/jonescompneurolab/hnn/commit/01ec460bd1d964c853c491442289d13e6521001a,2,1
/jonescompneurolab/hnn/commit/04399a4d5a3b40cb7d15e5bc2920da940a52f466,2,1
/jonescompneurolab/hnn/commit/72775f39f47e3dc2feb3787d7c3ee0876c947d75,2,1
/jonescompneurolab/hnn/commit/742f5a23236cdf71401d0bedc1b995cef0fdf92c,2,1
